City,PostalCode
New Robertfurt,25639
Mckenziemouth,94423
East Matthew,71840
Lake Bryanview,67086
West Kimfurt,84926
Andrewbury,85494
Santosbury,82463
Lake Cynthiaport,02473
Lake Karen,24241
Thompsontown,45130
Taraberg,37032
Schneiderton,55063
Johnsonview,31756
Mcguireborough,84001
Thomasfort,89857
Harrellview,23660
Lake Jasmineview,02518
Gonzalezton,99760
Jacksonport,42478
New Robertborough,66501
Mitchelltown,72309
Richardton,00812
North Jonathanborough,26689
Stantonland,13129
Mcleanton,51588
Port Kristinahaven,00605
Farrellview,83338
South Shelbyberg,16793
Michaeltown,21762
Melissaton,42308
Port Ryan,23845
North Eric,96231
Stacieshire,40501
South Ryanfort,02994
South Brittanyfort,46948
Port Julie,97999
Nelsonhaven,64900
Maryview,89731
West Elizabethmouth,36928
Stonemouth,81253
South Christopherport,44822
Robertsville,42082
New Chris,42962
Patrickstad,80838
Michaelbury,78664
Port Ericview,67042
Rickside,87355
East Rachel,05002
Paulfurt,37653
Holmesstad,63544
West Maureenchester,34200
Port Tamara,36281
New Susanview,94128
Port Katie,87218
Drakeport,10201
West Jennifer,75470
East Kristin,94537
Jacksonport,82371
South Christopherview,58892
Mullinstown,16149
South Lindseyfort,48173
North Jamesside,78925
Dianeberg,21257
West Timothy,57111
Kingfort,47011
New Amandaview,98349
Michaelburgh,04090
Patelberg,54369
Thomasside,06720
West Peterport,84648
Kirkton,61775
New Beverlyberg,83895
West Ronald,42075
Jeffreychester,51324
Chandlerberg,55002
West Maryport,21154
Tammychester,39090
Danielton,02829
Jaredhaven,75637
Martinmouth,65366
Kevinfort,03018
Bennettborough,65045
Waltersmouth,64207
Donovantown,58044
Bellfurt,50482
West Amber,58449
East Vanessaville,72695
New Susan,97982
Russellborough,55450
Lake John,42547
Shepardton,97215
New Shannonside,33766
North Mark,70811
Sheabury,85278
Port Samuel,48432
East Christopher,62592
Hessville,43942
Garciashire,35025
New Brittany,38832
Nathanielview,45756
North Nancyland,45526
Hallburgh,20241
West Tonya,70448
Benjaminberg,84373
East Melissafort,83939
Lake Lauren,74564
South Aaron,54005
Lake Donville,49180
Jonesshire,68999
Pamelafurt,57412
West John,77184
Amberchester,61937
South Jacob,82157
Cynthiabury,13413
South Eddie,39243
Maldonadostad,25199
East Loriville,01071
Gonzalezbury,19227
Port Kathleen,04879
South Adrianburgh,09848
Port George,47336
South Jeff,05878
North Cassandra,20399
Taylorberg,46846
Olsenborough,90464
East Leahshire,97379
Melissaborough,89145
Port Timothy,17282
Lake John,98112
Port Nicolebury,89926
Williamsshire,21314
New Jessetown,46159
Riggsbury,73912
South Troy,94174
Mooreberg,45239
Lindabury,88164
New Lori,80340
Port Michaelside,64392
North Brianborough,42605
Port Timothyberg,40367
South Paul,19588
Grantberg,23296
Port Emily,88392
Reedville,38922
North Amanda,97987
Lake Angelaville,91530
New Edwardburgh,98735
Lake Janetmouth,27476
South Jeff,52361
Robertsonstad,36212
Ericshire,80559
North Wendyport,90846
Jonestown,42255
Lake Joshua,04320
Cummingsshire,19805
East Peter,21371
Karentown,35687
East Michael,08629
Michaelberg,13540
Jimmyland,19357
Amyhaven,78556
Cisnerosland,60788
Brianstad,66653
Juliestad,17210
Jameston,57020
Wendyborough,10813
Taylorville,86257
Simmonsshire,94160
Davidville,00891
Brettmouth,13291
East Lori,54517
South Tanya,60497
Smithville,45367
Jamesburgh,34035
East Jessicahaven,82235
East Kathleenchester,47209
Lake Christophermouth,38261
Randallport,61822
South Patrick,92539
Leslieview,07480
Lisafurt,85278
Port Jenniferborough,35223
Lake Dylan,41321
Lambertstad,36142
Fieldsberg,71596
Robbinsside,69835
Brianport,75065
Williamview,77995
Cooktown,65485
Larachester,67647
South Saraburgh,19208
Jacobborough,27734
Boltonberg,76991
South James,80727
Madisonburgh,78656
Cynthiabury,17561
South Georgeton,13437
Johnburgh,22809
Francisfurt,42822
Jeffreyshire,19051
Bradleystad,56285
Camposhaven,94184
Scottfort,36517
Carlaland,62854
West Kyliebury,03611
New Michaelchester,26430
Espinozabury,42901
Lake Travis,76416
West Tiffany,78569
Georgemouth,26045
North Marymouth,68293
North Cody,03415
West Eric,44211
Mariaberg,34287
Jenniferfurt,33547
Port Lisashire,73955
South David,76737
South Gloria,45403
Robinsonshire,66800
Lake Patrickland,99545
Baldwinbury,71531
Lynchfurt,65482
Freemanfurt,30691
West Michaelmouth,41329
Danielstad,20559
Andreaport,25763
Lake Leah,30977
Anthonyfort,52997
South Meganland,67685
South Alice,35056
Johnborough,19705
Howellchester,85803
Rodriguezmouth,42948
Port Michaelmouth,68820
South Timothy,71532
Montoyamouth,22214
Daniellemouth,48018
North Allentown,22984
East Charlesburgh,91757
Trevinomouth,07948
North Francisco,05884
Lake Annetteborough,83513
North Petertown,75358
North Robertshire,66663
South John,66698
East Karen,09681
North Caitlin,81549
Robertsstad,81422
Roymouth,99170
East Patricia,45440
Harveyport,42104
South Russellchester,87787
North Jeffrey,27551
North Anneport,58192
Bryanthaven,48034
West Tracyborough,15115
Millermouth,51442
South Robertfurt,71156
South Jacobland,77283
Hernandezton,48287
Lake Lisamouth,08123
Christopherchester,79417
Jasonbury,46042
Lake Patricia,20814
Sheltonmouth,57321
West William,30199
Danielschester,01480
Calderonport,09872
Deborahshire,13754
Zhangtown,21857
Sparksmouth,36920
Hamiltonfurt,34211
Hessfurt,57718
Westmouth,46763
Dustinchester,10608
Edwardsmouth,39456
Christyview,44008
West Jacqueline,76841
Ronaldshire,03629
Jaimeville,89565
Port Williammouth,40007
Lorihaven,91261
Clarkeburgh,61349
Gonzalezland,11330
Paulport,24267
Murrayfurt,36234
Danielborough,06759
Lake Patricia,16811
Tylerbury,57836
East Briannaland,36337
Lake Harold,50987
Ericside,03009
North Charlesport,01715
Lake April,45686
Lake Brandon,89781
Sarahfort,89514
North Meghanmouth,62849
Cranetown,84184
Barbaratown,48718
Desireebury,69496
West Thomasville,57646
New Audrey,52321
West Taylor,86412
Piercemouth,85225
North Michelle,62221
Fordburgh,15078
Grantmouth,70842
Maldonadoside,05170
New Keithburgh,26055
West Josephshire,71639
West Nicholas,63876
New Richardstad,04942
Jennifershire,65137
Reedfort,23022
Morrisonfort,17627
New Tamiland,02095
Griffinmouth,66402
New Melindaport,59826
Lake Suzannefurt,91964
Spencerbury,95355
Lake Kristafort,35079
Lorifurt,06793
Garciaberg,67420
North Nicholeside,22561
Lopezchester,32707
North Juliaville,48321
Smithton,11647
Lake Amanda,66898
South Shelby,86078
Dickersonhaven,55230
New Herbertmouth,82235
North Jamesfurt,15355
East Deborahbury,94194
Lauraland,37227
Elliotttown,90249
Craigfort,17627
West Robert,35889
West Sarah,96404
Ellisbury,25195
Smithstad,15906
West Stacy,05117
New Michael,43405
Lake Allison,49276
Guerreroton,71136
North Christineport,88839
East Michaelmouth,95315
South Alexistown,23329
Jennybury,22812
Hernandezside,13881
North Kyle,26439
East Joshua,62187
Bethanyport,16757
West Luisport,35550
East Angelatown,03962
Faulknerfurt,42040
Pottsfort,74088
New Abigailmouth,91936
Jessicahaven,35576
Johnsonport,72681
West Melissaland,43199
Vasquezshire,15961
East Kevinburgh,64343
Lake Jacqueline,54376
West Michael,87155
Sanchezton,57596
West David,59607
West Johnland,70198
Leonardhaven,78648
Sawyermouth,41542
Crystalfort,72135
Carlosborough,00517
Billyberg,77367
Port Tammyhaven,90799
Davistown,82691
Joseside,75583
Janetland,43301
Davidview,72125
Benjaminstad,41138
North Kevinfurt,00784
South Wayne,90215
Charlesside,07340
Natalieborough,41593
New Denisefort,70293
Vincentberg,33299
Port Erin,10387
Christianhaven,25217
Millerberg,01034
Martinezport,03308
West Ryanton,55887
Lake Oliviachester,51924
Martinport,45181
South Daniel,73001
Williamsville,92776
Butlershire,78734
Mooreland,64026
Mcdonaldbury,50506
Port Catherinestad,50832
Michaelland,54093
Evansberg,65064
Katelyntown,85944
Alexanderville,83884
Harveyburgh,75139
East Lisa,25292
Lake Elizabethbury,43259
Vargasside,59235
West Michaelton,77371
Tonyville,80929
Lisaborough,82352
West Annette,69003
East Nathanchester,18320
North Amyview,87341
East Donald,44929
New Keith,06752
South Calvinburgh,52766
Reyeshaven,91900
North Betty,11312
Port Debrafort,55596
Nancyhaven,87417
Kevinton,07213
Lake Nicole,90821
Staceymouth,84066
Richardton,41312
Danielport,78628
Phelpsside,55611
West Shelby,62123
Melindaside,27803
Carlsonstad,74678
North Jaclyn,05097
Port Amanda,55128
Samanthaview,97576
Hayesburgh,89170
Port Daniel,98957
Christopherport,25055
Amandaton,64671
Sallyview,19935
Rayhaven,54306
Mckayland,17987
West Margaret,93089
Kennethview,71275
Brandonton,91433
Ruizchester,53606
North Teresa,08921
North Mike,67543
Martintown,01234
Lake Leahberg,46901
Carolhaven,51867
Haynesborough,25524
Wilsonside,27651
South Adammouth,58020
East Jessica,75262
Sandovalview,56257
Thompsonhaven,97506
South Johnville,89465
Port Christopher,03109
New Amandastad,17252
North Valerieview,16264
Sarahchester,76306
Timothyville,73899
East Lindsaychester,06022
Brianton,64409
Collierbury,23259
Smithfort,05739
Lake Cassandra,69802
Stricklandville,95094
South Andrew,40706
Lake Michaelmouth,04318
Kristafurt,60545
Taylorport,21795
East Lisaburgh,77758
Mosesmouth,08718
Jamesfurt,48567
North Meganside,23358
Jasonville,78825
Port Amberstad,95829
Foxborough,09848
Wilsonberg,68154
Tiffanyview,52302
North Samantha,87756
Martinfort,57237
Michaelaview,91787
Billystad,99938
North Tiffanyport,88655
New James,98069
Port Leonardtown,22715
Grayburgh,92950
South Mary,34974
Erinborough,53266
Williamschester,96121
Vargasport,26763
Darrylberg,97367
Matthewmouth,82508
New Heather,23526
Rogersville,89313
Port Kevinport,92293
West Stanleyside,08427
North Jonathanborough,99590
Lewisfurt,42452
Scottville,89068
Johnsonport,11039
Goodwinport,58051
Jenniferberg,99082
Teresastad,68914
Crystalside,30315
Holdenburgh,72943
Lake Dalebury,70613
Port Jonathantown,88720
Hubbardbury,11017
South Erikland,29523
North Kristinaton,99018
South James,96422
Kevinmouth,60343
South Garretttown,38600
South Lynnmouth,79496
New Isabella,65345
Simmonshaven,66849
Thomashaven,04569
Henryville,84903
East Phillip,52871
West Markview,70594
North Eddieville,13939
Brianberg,29247
East Johnbury,19368
West William,67416
Lake Dakota,14131
East Laurenmouth,61157
South David,64154
West Garyburgh,94844
Jasmineburgh,30447
East Feliciaside,53180
Lake Cynthiaport,77782
Bishopberg,96966
New Hayley,38403
North Andreaside,72798
South Matthewberg,25570
Tannermouth,06361
Lake Patriciahaven,70135
North Michaelfurt,66919
Tyronefort,70818
New Cathyville,16393
Cynthiaberg,85683
New Jordanmouth,52536
Port Valerie,76108
South Michaeltown,14007
Lake Franciscofort,16099
East James,22188
Gordontown,41311
East Heatherport,48371
Port Joshua,58779
Gabrielville,66963
Scottborough,63715
East Anthonyberg,62008
Leslieville,02260
West Andrew,86348
Sandersland,46045
Lake Austin,59356
Rodriguezview,62472
Lake Jasonberg,51333
South Sandra,05948
West Brendaside,49723
Dianestad,63957
East Brittanyland,99640
Gomezfort,03206
Lake Beth,90019
New Devin,27169
Donnatown,60197
East Jamesshire,62657
Anthonyborough,88051
South Anna,17900
Haleburgh,29225
South Tammy,94226
Lake Desireeborough,99573
North Cassandra,12007
Barbaraborough,49262
Theresashire,92371
Lake Rebeccamouth,17308
Barnesbury,06438
Lucerobury,79281
Tiffanyburgh,96573
Port Joannville,04574
Troyburgh,67005
South Julie,07194
Craigbury,28950
Woodsview,60611
Berryport,16954
New Keith,75134
West Darren,43537
Larsonberg,65256
Danielstad,53790
North Lauren,67534
New Shannon,49895
Coltonberg,50868
West Annmouth,58564
Maryfort,68211
Billyborough,82288
South Tylermouth,31187
Lake Paulamouth,18743
North Johnstad,64641
Lake Jeremy,68546
Kelleyton,21614
West Claudia,56470
East Debra,97243
Port Ashley,32427
New Amymouth,19814
West Christineview,08698
West Marychester,93325
Johnsonberg,82291
North Ashleymouth,74859
Port Stephanieberg,56921
East Gloria,56958
Fosterside,69698
Joshuaborough,80583
New Alexandramouth,02695
Wellsborough,13256
Berrytown,53474
South Jessemouth,06150
New Brandy,98014
New John,47584
Markport,26648
Susanbury,96902
Lake Richardmouth,89536
South Victoria,98741
Davidsonhaven,17353
East Julieside,23155
South Daisyview,79732
Jacobhaven,52034
New Garyview,87621
North Aliciafort,80661
Aliciaborough,62799
Debbieville,70060
Jasonhaven,97762
Lake Christopher,60421
Port Elizabeth,90459
Port Harold,19089
Davidsonhaven,84476
New Lauraport,98291
Lake Bradley,02513
Jeffreyfort,89887
New Rosefurt,73821
New Joseph,63188
New Kevin,02141
Connorborough,30373
Port Donna,87339
Jamesland,88259
Meganside,39223
New Robert,91448
Laurenberg,51589
Danielschester,71147
South Brookestad,29201
Juliefort,60351
Dannyburgh,63703
Port Maryport,30177
North Thomas,54526
Leemouth,13766
Lake Joshuamouth,59143
New Julieside,54757
Vernonside,20392
Lake Laurenbury,20886
Garciamouth,33693
Port Nicholas,14580
Knightside,99615
Smithville,01292
East Anthony,50600
Ashleytown,70451
Jonesmouth,92563
Port Beckyview,66698
South Karen,66133
Port Juliaside,43467
East Victoria,98206
New Lisamouth,33568
Murphymouth,22028
Wuland,49118
Jonathanport,63166
East Meganmouth,26619
Tylerport,10347
Michaelville,05352
Jenniferland,45871
Williamburgh,38620
Ronaldstad,84807
West Erinborough,16386
Howeland,71601
Josephmouth,35951
Port Bridget,75515
Derrickborough,48096
Smithmouth,19483
South Maria,01469
Hernandezhaven,70230
Lake Joseside,59303
East Kristenburgh,30756
Lake Dominique,98774
North Tiffanyland,17990
Lake Derek,61391
South Jasonstad,28771
South Kathrynberg,99072
Lake Lisa,66198
Kellyborough,77415
New Kevin,29790
North Amandabury,62271
Robinsonmouth,02489
East William,54424
Troymouth,61785
Jodytown,64216
Christianside,89054
North Connie,17989
North Vanessashire,02612
Lake Matthew,63192
South Jeff,44103
Lake Andrewshire,16006
South Todd,06237
Vincentmouth,02550
Phillipsbury,31661
Johnton,83878
Stevenview,20165
New Joelborough,10764
Cynthiabury,55166
Lake Christian,38708
North Jennifer,29921
Meyerston,49957
Gilbertchester,11278
New Richard,09773
Anntown,39275
Jeffreyburgh,46829
Nancyfort,80196
South Karen,71778
Lake Thomas,94743
Boyermouth,49695
East Angela,75105
Smithshire,05622
Port Michael,59510
Davidchester,46819
Port Kenneth,60053
New Danielburgh,68048
West Christopher,34401
New Daniel,38834
Port Kaitlyn,54684
South Katherinebury,00836
Stewartburgh,94522
Kennethbury,53285
East Jennifer,56321
Joannestad,49969
North Henryton,40122
Larryton,49700
Wallton,74121
West Timothy,41164
Port Kyleburgh,71870
East James,64934
West Gregory,71036
Priscillafurt,23849
Clarkshire,82251
Philipland,73236
Stephaniefurt,57770
Gonzalesside,33263
Bakertown,15343
New Jonburgh,83263
West Douglasshire,64840
Mackenzieborough,35413
West Joseph,80793
East Henryton,11221
Sandrachester,39443
Clarkmouth,21784
Lake Tiffanyland,12058
West Franceschester,03601
North Christopher,26372
West Brian,02086
Lake Richardtown,23128
Sierrachester,40444
North Susan,34506
West Aaron,25655
Torresville,77972
Lake Timothymouth,21521
North Anthonyport,11815
Spencerview,01221
Smithmouth,97762
Port Dennistown,95245
Williamside,91501
West Donaldton,93229
Seanton,58555
Wolffort,62765
Lake Christopher,55041
Tinastad,72832
Parrishland,48271
East Bethanyfort,90063
Buckfurt,14410
Harrisfurt,13451
Kirbybury,70309
East Kristine,57102
Port Lindsey,88657
Calebland,66531
Janetburgh,11334
Watkinschester,18884
West Kevin,87396
New Kurtborough,56744
New Robert,30830
Emilyfurt,29265
Newtonshire,82458
Brianton,42737
Billytown,38590
Bradleychester,79566
Josehaven,08743
Richardsonborough,15629
Adamston,66589
Perezville,34323
West Katieview,78899
Gloriashire,45216
West Lance,57650
Port Michael,99270
Port Theresa,54758
East Tammy,85993
New Johnny,43690
South Randy,02914
East Arthur,77484
New Paulstad,62393
Port David,58244
Richardstad,18182
Gabriellefurt,15246
Floresberg,74157
Donaldburgh,97555
South Jamesborough,57822
South Jessica,88243
Montgomeryview,65946
New Jamesville,67641
East Norman,68618
Grantport,10818
Jasonchester,74705
Griffinbury,65414
North Dylan,12564
Lisahaven,26630
Wattsshire,49599
Christinefort,94436
Edwardsfurt,54953
Douglasview,91645
North Sarah,80025
Williamsonside,84597
Lake Alex,97832
Carneyborough,59860
Moorebury,37442
Hollandland,44163
Travisbury,10871
Rachelville,97429
South Derekshire,96395
South Toddburgh,22924
South Justinchester,63134
Wyatthaven,07796
North Angelashire,21060
Breannamouth,97835
North Laura,03601
New Tamara,11519
Port Markview,78425
Port Jason,32204
New Michaelshire,92839
South Charlesbury,13618
North Daniel,60576
Salazarberg,06903
East Jason,05650
Port Kennethview,14367
Cassandrachester,63628
Coreyberg,30658
North Paulashire,52050
Andrewside,37916
Thompsonport,00843
Laurenchester,14195
East Tonyaborough,57933
Natashaborough,60703
Port Joshua,36579
Tammyside,96532
South Chloeport,25671
Jacksonville,81305
South Jennifer,20990
West Ericmouth,76939
New Maryfurt,54828
Lake Donald,49323
East Danielleshire,72248
South Kendra,42773
Fordville,25022
East Juliastad,25504
Paulhaven,08153
Wattsburgh,07002
Williamshaven,27345
New Travis,79971
Craigmouth,38564
Lisashire,65663
Ashleyberg,87174
Brandiport,65229
Cherylmouth,12515
Katherineshire,29271
New Larry,74504
Port Catherine,57643
Johnsonshire,12939
Zunigastad,67335
South Scott,74020
Woodsmouth,09849
Port Alex,15846
Brandonview,24682
South Nicholas,63819
Port Melissa,78984
Port Nicholasborough,70837
East Amanda,34566
Hannahhaven,49786
Stephenstad,78581
East Jessica,00549
West Amandaton,29612
North Valerie,53951
West Deborahtown,85970
Port Matthew,89156
Lake Kelseyton,61317
Kennethborough,86459
West Damon,07289
Rothton,50719
Meganport,51750
Edwardbury,93537
Bakerton,19942
Tamaratown,15379
Phamchester,39564
Kellyhaven,97149
Zacharyside,21283
South Latoyaberg,04872
South Kristina,65343
Port Peter,52834
Christophertown,11775
Lake Samanthatown,25917
East Savannah,68089
Lake Richardburgh,17886
Lake Veronicaland,80002
Lake Karenfort,20063
Port Marcmouth,09527
Joshuamouth,55258
Clarkeshire,12096
New Kaitlinview,39228
Tracyland,17988
Martinborough,50221
Vazquezberg,41748
North Heather,83808
New Ryanmouth,45178
Christon,25021
Pruitttown,59838
Mcdowellhaven,81225
Hoodberg,01476
Nashtown,00925
Nathanshire,30720
Port Erica,68281
New Alexanderberg,05004
Helenview,03298
Elizabethburgh,08635
Christianport,66303
New Frankmouth,43608
Robertton,87820
Camposstad,03086
South Jennifer,94694
Port Katherine,17289
Bakershire,78059
Webbton,09586
Brendachester,64922
New Amy,93959
Mikechester,89246
Patriciastad,99075
Lake Phillipfurt,52373
New Dylan,94790
Port Maryton,75258
Gregoryville,15457
Thomasland,40084
Powellberg,48582
New Justin,58187
South Lorifurt,07689
East Tyler,99385
West Susan,81749
Cassandramouth,93396
Thomashaven,00905
Tonitown,82589
New Brittany,95262
North Joseph,77528
East Tracy,13764
Sharonville,01536
New Linda,30658
Port Melissafurt,62674
Waltermouth,01251
Lesliebury,52702
Fisherton,11720
Williamsside,80132
Evanston,69212
Singhton,78615
Fordhaven,64896
North Peterberg,43824
Lake Jasonshire,79870
Rivastown,34721
Taylorfurt,86531
Lake Jose,67167
Claytonland,66396
North Sherry,67766
Valeriebury,30325
New Michaelside,63662
South Davidshire,99599
Glendaton,33460
Nathanielberg,65832
Pooleton,85604
North Pamela,22142
Mendezville,46041
Port Ericshire,73157
South Emilyfort,77428
Justinmouth,79506
Lydiahaven,52487
