CustomerFirstName,CustomerLastName,CustomerUserName,CustomerPassword,UserTimeInserted,CustomerAddress,CustomerDeliveryAddress,CustomerEmail,CustomerPhone,CustomerConfirmationCode,EmployeeCode,EmployeeFirstName,EmployeeLastName,CityName,CityPostalCode,UnitName,UnitShort,CatalogStatusName
Brandon,Wright,doneill,!!!27!?abc60,2010-01-16,2023-04-14 00:42:42,21820 Ray Trafficway Suite 086,928 Campbell Land Suite 988,hnunez@example.org,425-235-6780,0K07CXZQ,cb7c2b30cfb201gb1abg,Melissa,Mckay,Sanchezbury,32538,pound,lb,2023-04-14 00:34:54,2023-04-14 00:35:01
Daniel,Roberts,nicholsonmathew,?g!5@<66#f>?,1985-10-26,2023-04-14 00:38:06,684 Dickerson Grove,502 Alexis Junction Suite 186,suzannevillegas@example.net,001-090-702-5622x6258,GFXJGU1E,0524abc4g27bggby8b30,Brian,Pham,East Laura,76429,liter,l,2023-04-14 00:36:12,2023-04-14 00:39:12
Sharon,Beard,davidthompson,3<acf?f!<527,1989-04-03,2023-04-14 00:34:13,82427 Flores Terrace Apt. 213,68116 Harrison Corner Suite 632,williamscassie@example.com,001-406-592-8216x561,3FS1UNHS,2fgf17yfgb1178y2117a,Deanna,Massey,South Bradtown,97380,kilogram,kg,2023-04-14 00:34:07,2023-04-14 00:37:37
Janet,Ashley,christopherhale,c?2c5<cb?<0#,2013-09-27,2023-04-14 00:39:09,53239 Powers Via Apt. 875,97052 Davis Centers,sara08@example.net,(423)667-6649x4149,ZMMC36FL,818832b975ay94242c71,Kim,Meyer,South Angelfort,37619,pound,lb,2023-04-14 00:35:31,2023-04-14 00:38:44
Amanda,Lee,lmanning,a<91297c6b3<,1995-12-02,2023-04-14 00:35:10,89184 Espinoza Island,0840 Shannon Drives,rhammond@example.org,+1-986-687-4462x084,L0SYHRFW,g2a072ffa767gfgg1a33,Jason,Sheppard,Kimberlyland,14650,gram,g,2023-04-14 00:35:57,2023-04-14 00:40:12
Misty,Pugh,jamie61,0b6795c0f2>y,1983-11-03,2023-04-14 00:34:30,99472 Schneider Village,308 Vance Isle Suite 832,dtate@example.net,+1-346-653-5285x508,KQZOQ82N,bgg2bb9fc39a5ay413y4,Thomas,Mccormick,Lake Vanessa,41914,liter,l,2023-04-14 00:33:52,2023-04-14 00:39:48
Kayla,Munoz,ebenjamin,yb9<?*0843gg,1983-08-09,2023-04-14 00:36:59,5621 Tyler Hills Suite 156,8153 Perez Unions,etucker@example.com,2017042771,DA18378J,0c7ay1106317c16b9a2f,Laura,Bishop,Jonesport,36198,gram,g,2023-04-14 00:36:09,2023-04-14 00:40:17
Caleb,Doyle,dodsonhaley,4b0b>3g6#a45,2008-10-07,2023-04-14 00:37:31,116 Caleb Station,491 Sullivan Lights Suite 450,bmoreno@example.net,+1-659-658-0160x87868,MTVSRK1S,9a3aya0754b8bbccga93,Marissa,Price,Allisonland,52558,pound,lb,2023-04-14 00:33:45,2023-04-14 00:39:53
Ronald,Stanton,shelia46,445y@<3@f417,1995-07-09,2023-04-14 00:37:00,5820 Lee Square Suite 293,388 Bryant Glen Apt. 041,devonchang@example.net,+1-980-212-6090x49490,F8TQXFVH,56cgffyf6cc98bg25761,Courtney,Cline,Payneport,70801,liter,l,2023-04-14 00:35:47,2023-04-14 00:38:36
Kerry,Martin,jasonmercado,*3b@##c6@2fa,1991-12-28,2023-04-14 00:40:36,5211 Booker Land,453 Watts Passage,dianewilliams@example.org,4208131963,K0WGDQG5,c670yy001c0483226509,Amy,Kemp,Amberport,14039,ounce,oz,2023-04-14 00:33:45,2023-04-14 00:37:34
Robert,Perry,yowen,6cg7@a57@*fg,1974-11-24,2023-04-14 00:37:54,52469 Church Walk,55606 Matthew Estate Suite 882,steinryan@example.net,069-437-5127x600,QYP4A90C,f28ac7gfb81cc162177g,Matthew,Ferguson,Billberg,22789,kilogram,kg,2023-04-14 00:35:26,2023-04-14 00:37:38
Melissa,Gross,rodgersbrittney,ya4<*f8>cc6#,1984-06-24,2023-04-14 00:36:14,059 David Shores,67440 Ashley Branch Apt. 933,ibeck@example.com,198-088-2882x0993,8MX2EW7Q,g2fb2bf4055b6473b974,Kenneth,Brooks,Carlosville,46096,gram,g,2023-04-14 00:37:46,2023-04-14 00:36:02
Michelle,Bryant,amyjohnson,#825>@b#>6c6,1977-09-15,2023-04-14 00:38:11,460 Banks Place Apt. 125,5452 Figueroa Common Suite 800,gregory70@example.com,758-589-1365x821,OY1CNCCT,9y75ya7573704798b864,Sean,Thomas,South Melissa,28437,kilogram,kg,2023-04-14 00:33:06,2023-04-14 00:37:04
Larry,Noble,villegaskarla,f4@9<447*<?2,1975-08-22,2023-04-14 00:38:13,82527 Juarez Forks,06543 Michael Forks,teresalittle@example.com,+1-486-940-9491x03211,ZBM1STIW,gc8y8231ccb9f897gfb9,Rebecca,Banks,Kentburgh,97665,ounce,oz,2023-04-14 00:34:55,2023-04-14 00:40:26
Helen,Thompson,chavezcarl,9@46cg0g8a2?,2019-03-03,2023-04-14 00:34:02,7223 Bush Mission,467 Ingram Mill,josephmoore@example.org,620-634-9578,JJ05MEHJ,aayac41b70a58cgc0f2a,Tiffany,Thomas,East Davidshire,68727,pound,lb,2023-04-14 00:36:17,2023-04-14 00:38:26
Ronald,Moran,ericasanders,#5y7>y22#a?#,2016-10-11,2023-04-14 00:41:47,9818 Michelle Locks,1379 Ward Manors,sanchezlisa@example.net,(927)096-1124x0157,XFEFWAZJ,2ay9g095y0aycb551029,Jonathan,Kim,Lake Kathystad,69253,gram,g,2023-04-14 00:37:16,2023-04-14 00:39:51
William,Kerr,wperry,*?@@?g9<3yy<,2017-07-26,2023-04-14 00:36:43,2807 Landry Terrace Apt. 933,159 Johnson Groves,johnsonrobert@example.com,631-023-2742x4130,HTTDWCGM,47255b3a9190816902bb,Randall,Smith,Kennethburgh,90236,kilogram,kg,2023-04-14 00:37:53,2023-04-14 00:34:53
Sandra,Cardenas,ashley56,03c0a!8!?2?@,1991-06-22,2023-04-14 00:38:29,677 Maxwell Courts,22307 Emily Crossroad Suite 724,xrivera@example.net,(502)974-8572x833,VJAT1NY3,2a68986cff540y55g01f,Sandra,Jones,Port Jennifer,06980,ounce,oz,2023-04-14 00:36:05,2023-04-14 00:40:20
Jason,Frank,jacksondavid,9f!80>429#>4,2017-07-21,2023-04-14 00:34:12,70155 Norman Mount,779 Davis Brook Apt. 312,ysaunders@example.com,576-604-1452,Z2ZWI3FB,96291827b396984y6ca0,Andrew,Douglas,Port Markhaven,95536,gram,g,2023-04-14 00:36:03,2023-04-14 00:39:18
Tammie,Gibbs,qharper,gc433328a1f0,2010-10-23,2023-04-14 00:41:59,21706 Thompson Unions Apt. 162,02130 Lisa Squares Suite 511,whitney39@example.org,001-869-929-9863,1TCTFBDW,gy9671yaf4y4c1g42g1a,Scott,Lopez,East Deniseland,96498,gram,g,2023-04-14 00:36:43,2023-04-14 00:39:22
Joshua,Hughes,michaelknox,y8>g@!3602<g,1978-08-20,2023-04-14 00:39:56,2854 Joshua Village Suite 936,84314 Morris Forks Apt. 038,yhardin@example.org,001-446-148-5739x136,93UMNY6U,7y7y0g5626af3c7406yg,Richard,Dixon,South Terri,31576,kilogram,kg,2023-04-14 00:33:10,2023-04-14 00:39:31
Marcus,Torres,welchmary,y2814@6#a1y@,2003-04-07,2023-04-14 00:38:56,36066 Jonathan Island,50636 George Manors Suite 000,hernandezamanda@example.net,331.377.2643x8891,L999LWE4,64688gb7yybc0b26a22b,Katelyn,Chapman,South Rebeccafurt,17174,kilogram,kg,2023-04-14 00:35:57,2023-04-14 00:38:29
Melissa,Myers,gdavila,61#@y8fy#!0?,2006-10-15,2023-04-14 00:33:26,29898 Nicholas Mountains Apt. 140,69839 Kimberly Underpass Suite 182,gomezcindy@example.com,(410)773-3041x32448,VH9P5NEY,y71480gf09g2f1fg0777,Steven,Carter,Stephenstad,00812,pound,lb,2023-04-14 00:36:36,2023-04-14 00:37:15
Robert,Downs,hayesdavid,37b*<f*g231#,2018-05-01,2023-04-14 00:36:02,6353 Candice Cliffs,9769 Lawson Plains Apt. 542,ecantu@example.org,+1-100-672-2112x03154,YIP5BC9Z,9025g9835gccb812g307,Michael,Branch,Ruthmouth,03677,pound,lb,2023-04-14 00:37:21,2023-04-14 00:34:23
Matthew,Garrett,carmenwilliams,3!89c?5>224#,2004-03-10,2023-04-14 00:40:41,4886 Raymond Lake,0381 Johnston Lights Suite 255,danielflores@example.com,786-264-2214,AX3AKRF8,3896bab0y7g561fb9b0y,Jared,Obrien,New Charlesshire,22446,pound,lb,2023-04-14 00:35:24,2023-04-14 00:36:23
John,Estrada,victor47,cg0@0*?81#53,1986-09-11,2023-04-14 00:38:34,43731 David Crest,812 Heath Alley,iwilliams@example.com,381.199.7529,XE4ZPZVL,gg62a54byy0a2bygf180,Anna,Klein,Brownton,98387,kilogram,kg,2023-04-14 00:36:16,2023-04-14 00:36:31
Patrick,Moody,smartinez,b3f!?!91?948,2008-10-23,2023-04-14 00:34:04,819 Elizabeth Overpass,317 Jackson Center Suite 298,larry14@example.org,001-059-534-2426x6352,P6Y7WZ23,1g54g360f90y5401y2b9,Carrie,Reed,Lake Kathy,31604,kilogram,kg,2023-04-14 00:34:09,2023-04-14 00:37:48
Nathaniel,Gallegos,ysmith,g48a0*!>4?@#,1992-03-06,2023-04-14 00:37:57,119 Michael Haven Apt. 108,6892 Michael Spurs Apt. 127,rhondastone@example.com,5633418717,MJGQXWKT,f786075c1606a01c512f,Micheal,Lambert,South Williamfurt,26256,liter,l,2023-04-14 00:35:28,2023-04-14 00:38:29
Melanie,Ortega,thomastiffany,29a7?*g*47<*,1995-05-22,2023-04-14 00:37:28,09326 Moore Wall Suite 059,1787 Taylor Tunnel Suite 597,ahansen@example.net,537-780-5321x12659,63E59TGE,1bf6c3979gb2a3689880,Melissa,Bell,Port Richardport,91064,ounce,oz,2023-04-14 00:35:55,2023-04-14 00:38:58
Christian,Camacho,leonardpatrick,295!ac6#1c73,1998-11-30,2023-04-14 00:36:55,51952 French Gardens Apt. 859,047 Jacqueline Viaduct Apt. 933,kevinpatel@example.com,(272)425-2465,NW5VM7OP,7g31520f8a3yc0af0fy8,Angela,Barton,Alanmouth,06571,ounce,oz,2023-04-14 00:34:08,2023-04-14 00:34:58
Angela,Gibson,james14,<>f35<ayy376,2016-08-11,2023-04-14 00:42:00,217 Taylor Coves Suite 898,32185 Debbie Ports,gonzalezthomas@example.com,434-196-0935,SKMR2X65,36ag30fg067g6b788fgf,Aaron,Galloway,Blackville,06532,pound,lb,2023-04-14 00:35:15,2023-04-14 00:38:13
Russell,Leblanc,coopervirginia,<#f0a!?gag20,2012-04-18,2023-04-14 00:35:11,5877 Aaron Prairie Suite 634,04755 Smith Courts,hinesrobert@example.net,2710700443,5LKWO9E4,bbca1a9b1375yg687254,Miranda,Riddle,West Sethborough,28147,liter,l,2023-04-14 00:36:18,2023-04-14 00:34:47
Mrs.,Butler,mendeznicole,8g3cff8>696a,2017-03-04,2023-04-14 00:35:13,067 Mayer Vista Suite 341,054 Williams Course,ramosjoseph@example.net,162.315.3563,KZHQM3UC,1434b8cbf6a935gac251,Jamie,Pollard,Zunigaside,09091,liter,l,2023-04-14 00:35:20,2023-04-14 00:37:22
Michelle,Acosta,lturner,y426!7yyg02#,1998-11-22,2023-04-14 00:38:49,88618 Mark Knoll Suite 411,920 Baker Hill Apt. 868,rdelgado@example.net,015.023.2323,41F1X1G5,009752510468y2666fa2,Charles,Bray,Robinsonmouth,22457,ounce,oz,2023-04-14 00:34:37,2023-04-14 00:36:34
Heather,Henderson,christopher25,?77<?!ya!5>4,1990-07-02,2023-04-14 00:35:40,414 Jeremiah Park,7178 Lindsey Rest,michelle46@example.org,692-541-4543,9VEJPLLP,52fg5015a2b115a3542b,Kirk,Sutton,Johnstad,21385,ounce,oz,2023-04-14 00:36:47,2023-04-14 00:35:05
Diana,Luna,alindsey,!7a71*y93a*c,1973-02-21,2023-04-14 00:37:44,61413 Gary Crossroad,681 Duran Lodge,sanchezallison@example.net,598.972.8313x77002,IBGMYHIO,7f11570179f38006767y,Mrs.,Sanchez,South Ruben,30395,kilogram,kg,2023-04-14 00:34:28,2023-04-14 00:37:45
Brianna,Smith,lisadean,c<y203@f914?,2003-09-23,2023-04-14 00:35:17,71353 Raymond Divide,30877 Brady Forge,patelmichael@example.net,+1-078-799-6326,8FMZSBYA,g11874g3f9fb8ccb3bf5,Steve,Serrano,Lake Lauren,60099,ounce,oz,2023-04-14 00:36:38,2023-04-14 00:34:34
Jason,Medina,epeterson,c***a9!!7!<c,1973-07-26,2023-04-14 00:34:40,120 Richardson Mountain,63779 Rodriguez Creek,vcruz@example.net,(120)912-0369,1WWXDRK8,078831ffcfyf38922f52,Patricia,Kelly,Port Sarahborough,16110,pound,lb,2023-04-14 00:37:44,2023-04-14 00:35:14
Rachel,Lang,gainesshirley,94!c5g8g!?>?,2014-12-03,2023-04-14 00:39:31,5640 Miller Harbors,884 Johnson Bridge Suite 502,hallcheryl@example.com,969-500-4319,960A0WAH,1yaa7034y2cgy1a2093y,Melanie,Mayer,Port Michael,38503,kilogram,kg,2023-04-14 00:36:39,2023-04-14 00:39:22
Andrew,Carey,snyderreginald,f6c6!!0180>?,1985-09-18,2023-04-14 00:38:13,2704 Barnes Hollow Suite 286,0517 Brittany Lane Apt. 463,angelamiller@example.net,+1-725-246-5195x014,ECJHAAMH,fc306a0af4y7572962c7,Susan,Martin,Sarahport,10392,gram,g,2023-04-14 00:37:53,2023-04-14 00:37:32
Jill,Keller,pterry,3>!**54b7752,2002-05-02,2023-04-14 00:38:49,66507 Walsh Lodge,9715 Snyder Parkways Apt. 359,karen79@example.net,(696)647-4946x68713,X9SSIEU7,cgc4y8850b9ccb084781,Jordan,Kane,Lake Brandonshire,55362,ounce,oz,2023-04-14 00:37:49,2023-04-14 00:38:56
Toni,Kelly,walkermichele,6@119a73#!>!,2015-11-26,2023-04-14 00:39:35,106 Knapp Walk,8259 Schwartz Place Suite 336,coxrobert@example.net,+1-132-511-2773,9RSTGN6D,818fb4b64gfcgbf07by4,Kelsey,Cole,New Ericberg,73713,ounce,oz,2023-04-14 00:35:50,2023-04-14 00:39:21
Lee,Flores,scottperry,1c8f9gcc0g9y,2010-11-03,2023-04-14 00:34:07,25673 Ashley Pass Suite 630,0204 Thomas Road,malonegregory@example.org,159-006-3563x44918,WAMAKM5B,031gc6466gc47bg6b457,Kenneth,Blackburn,Chadburgh,17211,liter,l,2023-04-14 00:35:17,2023-04-14 00:35:58
Laura,Harris,michaelowens,30>b79>@y#67,1977-06-13,2023-04-14 00:39:11,66215 Kenneth Loop,5668 Catherine Rue,howard34@example.net,2038920469,40KSNWZF,4c8y3690afcg22959a64,Mr.,Robinson,Carrollhaven,92896,ounce,oz,2023-04-14 00:33:30,2023-04-14 00:40:35
Darrell,Baker,amendoza,0<y*8a2#4*11,2021-10-27,2023-04-14 00:40:09,59604 Charles Avenue Suite 122,4153 Rodriguez Squares Suite 139,davisreginald@example.net,669.635.4122,SUKTSVH4,31139gfyagc650c6049c,Pamela,Baxter,Crystalmouth,48483,liter,l,2023-04-14 00:36:38,2023-04-14 00:34:10
Jasmine,Brittany,williamsilva,f?0334<a36>5,2022-09-16,2023-04-14 00:37:35,8355 Kidd Street Apt. 671,6827 Bates Burgs Apt. 933,jennifermoss@example.com,512-078-7220x79228,F9RYRDLZ,17bcyf2f2g4y08y5a6c1,Victoria,Gonzales,Yorktown,59562,ounce,oz,2023-04-14 00:35:49,2023-04-14 00:38:06
Rebekah,Lopez,uhunter,f14gg7<74yg3,2004-08-04,2023-04-14 00:36:51,1089 Benson Road,85790 Hammond Streets,nmoore@example.org,+1-301-691-3840,CRB6YNNW,a229c2a484g0a2yaf778,David,Wang,Joestad,49254,liter,l,2023-04-14 00:33:02,2023-04-14 00:35:32
Michael,Blanchard,anthony63,#70f963*9908,2020-10-20,2023-04-14 00:35:10,88638 Christopher Track Suite 197,28205 Jesus Trail Suite 262,andersontimothy@example.com,856-385-2371,ZOZ4HYGI,f2a32476551f000b0f9a,Cindy,Smith,Hunttown,13475,kilogram,kg,2023-04-14 00:36:05,2023-04-14 00:37:29
Michael,Wright,nicholasshaw,1<4a7a9<3@?y,2018-08-20,2023-04-14 00:35:55,466 Carol Shoal Apt. 385,8901 Bernard Rapid Apt. 103,joshua23@example.net,(572)717-8090,4L5VKVHJ,g31yb1g94cc795y9aca0,Shannon,Carter,Jonathanfort,01725,ounce,oz,2023-04-14 00:36:23,2023-04-14 00:37:29
Eric,Armstrong,jasminegarcia,8@5@6b<1199f,1973-11-01,2023-04-14 00:37:18,8659 Mccormick Lake Apt. 466,9334 Moore Center,margaretjohnson@example.com,001-481-629-9083x1789,NY2QP2YS,bagy380b1716b5a136cc,Cindy,Green,Nancyside,06364,kilogram,kg,2023-04-14 00:33:00,2023-04-14 00:38:51
Jay,Bell,barrymiller,<gc3!1*@7ya7,2019-08-24,2023-04-14 00:40:15,82353 Pearson Knolls,6288 Alexandria Island Apt. 345,juan65@example.org,431.137.2951x594,B6LSE7JE,fbc26241c51ya684a49c,Kathy,Campbell,New Nicoleburgh,48954,ounce,oz,2023-04-14 00:33:21,2023-04-14 00:38:14
Mario,Johnson,victoria00,97y>14gb?a?9,1979-02-23,2023-04-14 00:38:45,29166 Ashley Center,6296 Jessica Crest Apt. 817,jtrujillo@example.org,2853722549,C7OH3Y0A,1g9cc2047f8bgc245b0c,Brianna,Martin,Alfredview,59411,pound,lb,2023-04-14 00:33:38,2023-04-14 00:36:35
Amanda,Jordan,ocook,y@?0!4!f<9a7,1989-01-15,2023-04-14 00:40:01,0011 Lisa Causeway,197 Brooks Place,samanthavaughn@example.net,185.764.0962x26537,DOIQ03QB,0f2y8453y797f5f7y99c,Jimmy,Griffin,West Laurieland,14195,pound,lb,2023-04-14 00:36:33,2023-04-14 00:38:22
William,Ferguson,boonecody,8gf<9@<?c7ac,2001-01-05,2023-04-14 00:37:33,08736 Robert Forest,57568 Thomas Summit Apt. 749,beckyblack@example.com,+1-511-254-8449,HL2WFZ2U,fc2cf2bfcy53yc233582,Lisa,Cole,West Tylermouth,30081,gram,g,2023-04-14 00:35:00,2023-04-14 00:35:21
Jessica,Wiggins,ericksonevan,!1!gg24a#48f,1990-07-14,2023-04-14 00:35:31,5866 Daniel Isle,47892 Leon Pike Suite 867,patricialin@example.net,604.517.6401,843VBO6U,7c646bg58g47f90ga292,Ricky,Freeman,Martinland,01355,kilogram,kg,2023-04-14 00:33:18,2023-04-14 00:36:05
Lance,Gabriel,greenmark,2730?226!y8g,2005-09-26,2023-04-14 00:36:44,396 Karen Pike Apt. 868,702 King Points Suite 304,sierra73@example.org,023.986.0321x349,GOIAWRW6,f833y70gf909185b21a2,John,Franklin,Port Justin,37501,ounce,oz,2023-04-14 00:37:53,2023-04-14 00:39:43
Jill,Petersen,randyyang,@g3><9>9*@b!,1990-02-05,2023-04-14 00:36:57,855 Duffy Glens Suite 647,556 Moss Brook Suite 645,tinadougherty@example.org,(812)247-5782x58928,PYJ6P2NC,229929y8111c0857f77b,Nicole,Hodges,Lisabury,88817,ounce,oz,2023-04-14 00:34:57,2023-04-14 00:34:51
Andrew,Solis,hernandezsteven,8961!c6!0>1f,2000-10-04,2023-04-14 00:39:08,6791 Joel Burg,36754 Duke Circles,novakkaren@example.net,(961)072-0038x0871,8214LGBW,7f6323ccfc186yy17696,Corey,Perez,West Cheryl,32921,gram,g,2023-04-14 00:36:43,2023-04-14 00:34:53
Zachary,Douglas,johnjackson,a446?*9b36*y,2013-12-23,2023-04-14 00:37:27,9301 Thompson Road Apt. 625,0282 Dawn Springs Suite 551,vincentgarza@example.org,+1-136-421-8949x767,OWCCXOX7,845650y219y102f84b5a,Destiny,Walker,Ochoachester,07048,kilogram,kg,2023-04-14 00:35:51,2023-04-14 00:37:42
Jeffrey,Snyder,tylermedina,7!2@!2@<3049,2006-05-30,2023-04-14 00:39:32,77693 Thompson Fort Suite 686,640 Diane Brook Suite 656,amber09@example.com,810-553-6141x7241,75RTHTHG,6c913476b0611b3248fg,Barbara,Hinton,North Melissaville,09373,pound,lb,2023-04-14 00:37:38,2023-04-14 00:38:10
Anthony,Johnson,lisa79,@8b1c!22>4#?,1996-12-17,2023-04-14 00:37:19,44070 Thomas Heights Apt. 164,06719 Matthews Avenue,andrew60@example.com,465-891-9948x693,KFW8WG45,gg68376cg14ff4g944g5,Gregg,Hamilton,Lake Christophershire,32115,gram,g,2023-04-14 00:36:35,2023-04-14 00:40:47
Robert,Woodard,qbaker,472ay0bg37>c,2010-05-10,2023-04-14 00:37:24,087 Justin Fields Apt. 373,966 Jackson Tunnel,shelleybaker@example.org,3058052463,U4L05TEG,a1gg5a46058y2cf198c0,Brittney,Ellis,Smithberg,03200,ounce,oz,2023-04-14 00:35:57,2023-04-14 00:34:54
Mary,George,xscott,ab?<94>4*>af,2001-03-28,2023-04-14 00:35:49,3635 Ashley Corner Suite 297,0226 Felicia Islands Apt. 118,ashley59@example.com,217-695-4214x0950,TAO8IOU5,9809327cy383y2bbaygg,Thomas,Fisher,East Jessicahaven,90640,ounce,oz,2023-04-14 00:35:12,2023-04-14 00:38:14
Mary,Brown,adavis,092**?a82?8*,1993-07-22,2023-04-14 00:36:11,07664 Jennifer Pass,937 Pierce Shoal Apt. 202,melissa26@example.com,(402)864-7071,XT5EG3LG,000568c166727657415f,James,White,Brittanyburgh,44525,liter,l,2023-04-14 00:33:10,2023-04-14 00:39:42
Edwin,Russell,sarah51,ggc*y!?4by9b,1971-12-29,2023-04-14 00:39:33,7700 Shannon Roads Suite 978,2980 Johnson Canyon Apt. 995,davisjohn@example.com,001-596-052-6801x622,3HIOQIWN,1y3b2594a1727484968c,Nicholas,Bradley,Port Samanthahaven,48329,liter,l,2023-04-14 00:34:02,2023-04-14 00:41:49
Ethan,Banks,teresa16,1!@3c@6?*#f9,1979-06-07,2023-04-14 00:38:49,66448 Bell Isle Suite 359,397 Hansen Rue Apt. 896,mullinswilliam@example.org,+1-228-061-3082x950,7FSUU8JL,fa3cac216349a169g905,Jacob,James,West Valerieborough,56767,pound,lb,2023-04-14 00:37:14,2023-04-14 00:38:52
Sherri,Reynolds,qrodriguez,*cg>3c2#8a64,1981-07-13,2023-04-14 00:37:09,092 Charles Trail,66670 Everett Dale,jenniferjohnson@example.org,(461)759-9818,8CHQ0OPF,fcgc2bf75g23b32a3fc3,Frances,Sullivan,Johnsonmouth,48003,gram,g,2023-04-14 00:35:03,2023-04-14 00:34:28
Natalie,Clayton,vbutler,65!c!a>416<a,2015-02-28,2023-04-14 00:39:31,817 Kylie Villages,0215 Little Ridges Suite 537,stacyharris@example.com,001-569-562-1292x253,F5146YQ3,f03077643058y037ba69,Olivia,Crawford,West Gregoryshire,96979,gram,g,2023-04-14 00:34:25,2023-04-14 00:39:16
Casey,Aguirre,sgarcia,yb35<b0*5y*>,1997-11-18,2023-04-14 00:36:11,1101 Micheal Alley,937 Rachel Tunnel Apt. 177,danielsbreanna@example.net,+1-705-598-1612,Z38GH565,c3y264y3c56c810547b2,Tyler,Jones,Nathanburgh,94440,kilogram,kg,2023-04-14 00:37:16,2023-04-14 00:38:41
Dr.,Khan,jbrowning,#?6f@ay!3b39,1972-04-28,2023-04-14 00:38:22,77929 Carney Land Apt. 251,71261 Kathleen Points,ydrake@example.net,+1-357-637-4593x5647,3E5KC8PA,25b7bc6c6f1g416f377c,Thomas,Smith,Haroldport,54696,gram,g,2023-04-14 00:34:25,2023-04-14 00:39:29
Melissa,Warner,lstrickland,cab?0@!9ffgf,1994-10-24,2023-04-14 00:39:35,439 Galvan Haven,232 Joshua Views Apt. 327,jthompson@example.net,+1-293-482-9892x75930,CCQSGQ0O,93yggbg1f1f1676bgy88,Justin,Rogers,Krystalmouth,50122,pound,lb,2023-04-14 00:34:46,2023-04-14 00:38:17
Jessica,Williams,powen,f3cgy**94935,2001-02-05,2023-04-14 00:34:34,25384 Tasha Field,869 Weiss Wall,michaelbrooks@example.com,001-884-645-1125x4828,IIR42IVA,4350a1831y309g1b03fy,Kimberly,George,North Josephton,89928,pound,lb,2023-04-14 00:33:40,2023-04-14 00:36:39
Terry,Coffey,aspears,9@445by92f1<,2016-09-05,2023-04-14 00:37:47,07331 Lori Estates Suite 038,050 Hall Camp Apt. 283,fjenkins@example.net,060-310-2127,SEBZWCS4,f7a77fa00cfgc2892746,Michele,Dorsey,Port Angelachester,32096,gram,g,2023-04-14 00:35:22,2023-04-14 00:37:30
David,Roberts,linda30,y*2<cf318b?g,1994-03-02,2023-04-14 00:40:10,9129 Taylor Vista Apt. 334,731 Kaitlyn Mall,kimberly11@example.com,818.879.2729x71948,MXTDTMCI,0yf77971gggg382068y7,Brian,Hughes,North Gilbertberg,98601,pound,lb,2023-04-14 00:36:34,2023-04-14 00:35:04
Darrell,Wells,christinabrooks,?4b534#3acc#,1982-10-25,2023-04-14 00:38:55,342 Wiley Crest Apt. 802,43158 Michelle Park Suite 340,masonjohn@example.net,+1-666-751-4094x6033,LI3MTY9W,b0f161bc1y1bg0b67433,Richard,Byrd,South Peterside,46424,pound,lb,2023-04-14 00:33:17,2023-04-14 00:38:36
Luke,Randall,qjohnson,88#4@g*9y<y*,1994-06-09,2023-04-14 00:41:23,958 Wilcox Inlet,9298 Dunn Track,bryanevans@example.net,585.964.4140,GIJ9O2XI,23c08875699cgg62856y,James,Gonzales,Port Jon,71932,gram,g,2023-04-14 00:36:39,2023-04-14 00:39:25
William,French,aguilarallison,*40!@906bc6<,2011-09-16,2023-04-14 00:40:40,875 Tracy Shoals Apt. 905,4122 Haley Wall Suite 031,timothy25@example.net,902.818.6031x419,EM6E8BNF,bbf2718346gc23a4ac6y,Michael,Wells,Lake Jennifer,64416,liter,l,2023-04-14 00:35:06,2023-04-14 00:37:14
Jordan,Parsons,ramosderek,y335*2ba1c4?,1988-11-12,2023-04-14 00:36:25,90941 Cody Canyon,8324 Ronald Islands,eric57@example.org,970-978-6957x807,V9D2L8NW,baygy4748yygbf44a7bf,Mary,Young,Port Justinfort,97999,liter,l,2023-04-14 00:36:49,2023-04-14 00:40:50
Ashley,Rios,jonathan34,?gy#b257fc?1,2019-02-28,2023-04-14 00:39:40,09915 Phillip Crossing Apt. 053,30048 Ashley Inlet Suite 382,tom67@example.org,530-254-5638x1376,27W1ZSA3,a9y9b507563ba7ycg77y,Mr.,Rice,Port Jennifer,47283,ounce,oz,2023-04-14 00:37:21,2023-04-14 00:38:09
Nicholas,Austin,tiffanyallen,8c*7b@4@7901,1988-08-25,2023-04-14 00:40:33,632 Joshua Divide Apt. 691,268 Alvarez Islands Apt. 342,kferguson@example.com,124.838.6846,HAIB1006,a38f76a7g9fc606ac472,Joseph,Steele,Lake Williamstad,84492,kilogram,kg,2023-04-14 00:35:48,2023-04-14 00:36:05
Justin,Hardy,terrievans,85?4@48b?74>,1984-12-13,2023-04-14 00:38:43,1777 Chavez Tunnel,860 Moore Course Apt. 359,russellshannon@example.net,551-171-2182,2K2A8ZM7,3a6afy8028c614618f2c,Jason,Warren,Bookerstad,66412,ounce,oz,2023-04-14 00:36:55,2023-04-14 00:37:47
Christopher,Jose,omckee,<<8b*5@y387f,2009-09-13,2023-04-14 00:36:16,67364 Ball Union Suite 900,19453 Martin Well Suite 394,xporter@example.com,+1-236-610-6466x1171,QL4365XN,g2b3b09565a457b964cb,Megan,Carney,Port Jessicamouth,30939,kilogram,kg,2023-04-14 00:36:18,2023-04-14 00:39:08
Autumn,Dunn,lisadavis,f144@6!y1*1f,1993-05-17,2023-04-14 00:37:14,5326 Turner Greens,271 Erickson Mall,wilkinsonsamuel@example.com,9622520104,U1JBDACX,15gbg5483b6f56113y82,Stacy,Russell,South Joshua,85274,liter,l,2023-04-14 00:33:57,2023-04-14 00:40:30
Bryan,Crawford,whitevanessa,cb<756c7a>2!,1999-06-30,2023-04-14 00:35:05,40389 Clay Street Suite 266,0880 Mccoy Summit,ashleylucas@example.com,367-664-6862,KCZ1TS70,ga84c9a71f1661cbb86b,Melissa,Reese,East Adamberg,05892,liter,l,2023-04-14 00:35:40,2023-04-14 00:41:12
Benjamin,Barnes,dalerichards,acc1?0609644,2003-07-14,2023-04-14 00:37:17,2822 Ryan Glen Suite 367,059 Thomas Valleys Suite 865,jstone@example.com,+1-731-299-4189x59234,IPT72IFV,2cy8y809559017g712fg,Amy,Hernandez,Lake Davidberg,76580,kilogram,kg,2023-04-14 00:33:05,2023-04-14 00:33:24
Michael,Mills,samanthaschultz,gcc<#c@2@*5#,1988-01-18,2023-04-14 00:34:19,602 Eric Stream,0312 Jones Harbors,kellysanchez@example.net,(283)338-1492,Q0P56ID2,0600y0a4c89f902b7000,Christopher,Cruz,Lindastad,06717,pound,lb,2023-04-14 00:33:24,2023-04-14 00:40:09
David,Gardner,jbrown,8#20888>8<47,1979-09-29,2023-04-14 00:38:54,7904 Joshua Village,064 Rebecca Heights,holly50@example.com,768.996.6458,MYNYPN3E,g77a38955fbc59g25759,Nancy,Rivera,Campbellburgh,62909,kilogram,kg,2023-04-14 00:33:03,2023-04-14 00:35:26
Raymond,Anderson,oconnoralexander,f2>a5y1g3bf<,1972-04-12,2023-04-14 00:36:41,54600 Green Forest Apt. 328,038 Sheri Ferry,wrightyolanda@example.org,+1-994-938-1237x739,35BT9CJT,33ay74g5g3aa5gygy096,Nicholas,Bates,Hernandezland,36397,kilogram,kg,2023-04-14 00:33:03,2023-04-14 00:33:21
Jose,Greene,mercermary,yb1?66a577a8,2004-04-13,2023-04-14 00:37:04,56710 Misty Haven Apt. 402,811 Paul Hill Suite 346,freemanmarcus@example.com,001-841-580-9214x841,VMMAENS4,f7gyca9215ya210b1b8f,Austin,Walsh,Adamsstad,44211,kilogram,kg,2023-04-14 00:33:18,2023-04-14 00:39:52
Jared,Evans,lorettahart,4<5a#g#>7202,1998-02-20,2023-04-14 00:39:23,6898 Donna Summit,794 Rivera Hill,trodriguez@example.org,+1-200-929-9096x8951,2Z24QR6O,afgaa66c0yagbfy7f523,Isaiah,Trujillo,New Joanne,54080,liter,l,2023-04-14 00:34:32,2023-04-14 00:33:58
Kelli,Palmer,colleenrandolph,b#by5<21g?<c,2008-11-09,2023-04-14 00:35:16,7518 Ronnie Curve,312 Cook Trace Apt. 204,louisbush@example.com,001-191-181-6491x119,N6BRBNFD,49417b5602a34f4864g3,Samantha,Robinson,Taylorberg,21926,ounce,oz,2023-04-14 00:34:20,2023-04-14 00:39:38
Patricia,Cochran,hgonzalez,281@59!>gbb*,1999-11-28,2023-04-14 00:40:42,89426 Cole Row,31384 Powers Park,thomasgoodwin@example.com,1455385788,3XYMEFHS,51a9y257a3780g67a1g2,Dr.,Ross,New Emily,54282,liter,l,2023-04-14 00:37:00,2023-04-14 00:33:23
Pamela,Weaver,murraybrandon,4bg*6>29@<>5,2011-12-22,2023-04-14 00:38:47,17421 Erin Points Apt. 671,9401 Perkins Underpass,vjacobs@example.com,3187085196,8GFS4GFM,1c2a2y341f7206714cb4,Kimberly,Kennedy,East Nicholas,51871,liter,l,2023-04-14 00:37:51,2023-04-14 00:38:12
Raymond,Chaney,bettyhammond,786?*99*8!7#,1973-08-03,2023-04-14 00:35:23,694 Stanley Extension Apt. 335,6649 Matthew Place,jessica26@example.net,001-258-799-6167,D5RFNVDK,6c3993316by8g94c14aa,David,Calhoun,West Shaneborough,82054,ounce,oz,2023-04-14 00:35:09,2023-04-14 00:39:24
Erica,Vargas,fnorton,y087#!<f@9y<,2009-11-28,2023-04-14 00:39:14,048 Daniel Corner,523 Laura Path,dudleykevin@example.net,001-697-069-3647,EKKVQ863,7a0g560c1g7963c0092y,Leah,Hughes,Lake Markborough,71523,ounce,oz,2023-04-14 00:36:10,2023-04-14 00:39:21
William,Flynn,aliciahayes,c<979f@?*5#4,2009-12-26,2023-04-14 00:39:12,099 Marcus Vista Suite 806,58683 Lewis Fork Suite 840,robertsonbrian@example.net,444.277.5718,DOSJAESR,3g445a5ca222a0a63a90,Lisa,Arnold,Lake Alex,45019,gram,g,2023-04-14 00:33:31,2023-04-14 00:40:03
Emily,Taylor,davidcisneros,c108#!!##fcy,2003-03-02,2023-04-14 00:36:21,797 Frank Street Apt. 522,5221 Castillo Cliffs,bennettjacob@example.com,186-456-9538,ANUSG2TP,01a8279a01gb72303756,Theresa,Olsen,Lake Johnfort,34433,liter,l,2023-04-14 00:37:23,2023-04-14 00:37:56
William,Turner,csmith,a0b>a!7>y7bf,1975-06-20,2023-04-14 00:38:17,9236 Laura Mews,7977 Johnson Common,anthony60@example.net,001-705-327-8836x0123,XTJMRVTW,2368y2a3g8334855y7ag,Christina,Pugh,Hammondview,79228,gram,g,2023-04-14 00:33:37,2023-04-14 00:40:49
Heather,Henson,bobbycruz,<fg>?#<*1g1b,2022-04-30,2023-04-14 00:37:49,493 Brenda Rue,7467 Christian Curve Apt. 007,willieparker@example.net,001-511-204-9090x073,TPAKDBW7,8c5377y04a400128553a,Caleb,Medina,West Samantha,48506,kilogram,kg,2023-04-14 00:36:15,2023-04-14 00:39:37
